{
  "dataset_size": 10000,
  "drug_like_count": 9358,
  "cv_results": {
    "drug_like_acc": {
      "mean": 0.8916983999999999,
      "std": 0.020151073158519387
    },
    "efficacy_mae": {
      "mean": 0.18962922596743828,
      "std": 0.005822891065339725
    },
    "toxicity_mae": {
      "mean": 0.16689856255709004,
      "std": 0.015262559978416886
    },
    "solubility_mae": {
      "mean": 1.592302431304283,
      "std": 0.011422694608367215
    }
  },
  "timestamp": "2025-07-12T18:57:53.027728"
}